outcome,target,coef,std_err,p_value,n_obs
orders_next4w,avg_ln_effective_price,0.004297885519097556,0.018870228263882762,0.8198327287951169,9071
active_next4w,avg_ln_effective_price,0.006686404532990959,0.016744375107809777,0.6896556430256824,9071
sessions_next4w,avg_ln_effective_price,0.006577847918674641,0.004764915965749738,0.16744040631477353,9071
