event_week,sessions,conversion_rate
-5,2638,0.041319181197877176
-4,2817,0.04614838480653177
-3,2613,0.03980099502487562
-2,2476,0.04361873990306947
-1,2346,0.04049445865302643
0,2573,0.0388651379712398
1,2179,0.041762276273519965
2,2445,0.03353783231083845
3,2561,0.04412338930105428
4,2241,0.043284248103525214
5,1724,0.037122969837587005
6,1245,0.03775100401606426
